,as_of_date,variable,c_value,i_value,f_value,e_value,v_value
0,2020-03-04,delayable,0.005153673163418264,,,,
1,2020-03-05,delayable,0.013703738230632973,,,,
2,2020-03-06,delayable,0.0105756851204709,,,,
3,2020-03-09,delayable,-0.020111020111020055,,,,
4,2020-03-10,delayable,-0.0035289747399703717,,,,
5,2020-03-11,delayable,-0.0012115563839701347,,,,
6,2020-03-12,delayable,-0.00905104040309787,,,,
7,2020-03-13,delayable,-0.0016949152542373523,,,,
8,2020-03-16,delayable,-0.023580456517638182,,,,
9,2020-03-17,delayable,-0.0029945904173106865,,,,
10,2020-03-18,delayable,-0.00881697509931205,,,,
11,2020-03-19,delayable,-0.017399804496578703,,,,
12,2020-03-20,delayable,-0.014623955431754864,,,,
13,2020-03-23,delayable,-0.18293791014639063,,0.2243099894117273,,
14,2020-03-24,delayable,-0.060175460274311185,,0.28928236942556784,,
15,2020-03-25,delayable,-0.08835130160399683,,0.3139312813766222,,
16,2020-03-26,delayable,-0.0809056821459476,,0.3209004677913548,,
17,2020-03-27,delayable,-0.09885454260160047,,0.3260845643524892,,
18,2020-03-30,delayable,-0.23141215392651923,,0.34723665645334434,,
19,2020-03-31,delayable,0.008382419574082407,,0.34853268059362796,,
20,2020-04-01,delayable,0.049651763648618306,75.1,0.4354885644209584,,2.2
21,2020-04-02,delayable,0.03167808219178091,,0.435977630134273,,
22,2020-04-03,delayable,0.022821576763485358,,0.4376404535595425,,
23,2020-04-06,delayable,0.05010141987829627,,0.4496714701070809,,
24,2020-04-07,delayable,-0.010430751400425077,,0.44991600296373824,,
25,2020-04-08,delayable,0.012492680070271336,,0.4503072555343899,,
26,2020-04-09,delayable,0.02352033930981311,,0.45060069496237865,,
27,2020-04-14,delayable,0.005462422301751726,,0.4521657052449852,,
28,2020-04-15,delayable,-0.001311352566504314,,0.4522390651019824,,
29,2020-04-16,delayable,-0.01125492402926283,,0.4525325045299712,,
30,2020-04-17,delayable,0.024663251754885165,,0.4526547709582998,,
31,2020-04-20,delayable,0.007406035919274183,,0.45260586438696837,,
32,2020-04-21,delayable,0.03657415916191881,,0.45241023810164255,,
33,2020-04-22,delayable,0.006914893617021287,,0.45250805124430543,,
34,2020-04-23,delayable,0.004402183483007572,,0.45233687824464536,,
35,2020-04-24,delayable,0.00227910238429177,,0.45267922424396556,,
36,2020-04-27,delayable,0.047227566905719706,,0.4516766395316707,,
37,2020-04-28,delayable,0.013529313512610695,,0.4514810132463448,,
38,2020-04-29,delayable,0.019775873434410066,,0.45123648038968756,,
39,2020-04-30,delayable,0.007272139625080732,,0.4512120271040218,,
40,2020-05-01,delayable,0.027113749398363512,83.8,0.44218876469336804,,1.4
41,2020-05-04,delayable,0.014058106841612086,,0.44368041511897743,,
42,2020-05-05,delayable,0.01494146642020947,,0.4435336954049831,,
43,2020-05-06,delayable,0.0009106085900744008,,0.4433380691196573,,
44,2020-05-07,delayable,0.015617892342683869,,0.4433869756909887,,
45,2020-05-11,delayable,-0.021648253209913447,,0.44169969898005346,,
46,2020-05-12,delayable,-0.0093087135663055,,0.44150407269472763,,
47,2020-05-13,delayable,0.007085643869377599,,0.44128399312373606,,
48,2020-05-14,delayable,-0.0016824717038849716,,0.4411372734097417,,
49,2020-05-15,delayable,0.01578060364639193,,0.44116172669540743,,
50,2020-05-18,delayable,0.02579185520362003,,0.4382762389868515,,
51,2020-05-19,delayable,0.008675194824290387,,0.4380317061301942,,
52,2020-05-20,delayable,0.010932944606413995,,0.43788498641619983,,
53,2020-05-21,delayable,0.016582552271088763,,0.4368579484182392,,
54,2020-05-22,delayable,0.020567375886524863,,0.43668677541857914,,
55,2020-05-26,delayable,0.022376650451702562,,0.4329698759973884,,
56,2020-05-27,delayable,-0.007069059271343067,,0.43252971685540526,,
57,2020-05-28,delayable,-0.005065717415115067,,0.4302066547171611,,
58,2020-05-29,delayable,-0.0013760836658870033,,0.42952196271852067,,
59,2020-06-01,delayable,0.007716687336364921,98.0,0.3645984892760116,3913654.3835947895,0.8
60,2020-06-02,delayable,0.05415014357992627,,0.3643050498480228,,
61,2020-06-03,delayable,-0.0019457776624725084,,0.3642072367053599,,
62,2020-06-04,delayable,-0.002469456719521676,,0.36406051699136555,,
63,2020-06-05,delayable,0.00703583061889259,,0.36413387684836274,,
64,2020-06-08,delayable,0.08099366024065197,,0.35961001900020295,,
65,2020-06-09,delayable,-0.00514661879114294,,0.35951220585754007,,
66,2020-06-10,delayable,0.018166506256015288,,0.35953665914320576,,
67,2020-06-11,delayable,0.02835873803615746,,0.3595611124288715,,
68,2020-06-12,delayable,-0.0026427668620016545,,0.35946329928620857,,
69,2020-06-15,delayable,-0.0296082949308755,,0.3514915281591811,,
70,2020-06-16,delayable,0.020182832719933548,,0.3494129988775942,,
71,2020-06-17,delayable,0.015012219248225206,,0.34909510616393974,,
72,2020-06-18,delayable,-0.00034395780784225103,,0.34887502659294817,,
73,2020-06-19,delayable,0.014451198531941796,,0.34870385359328804,,
74,2020-06-22,delayable,0.08976823063877894,,0.3423704526058644,,
75,2020-06-23,delayable,0.00020749040356879365,,0.341954746749547,,
76,2020-06-24,delayable,0.007156933928015742,,0.33928933861198257,,
77,2020-06-25,delayable,-0.018125643666323285,,0.3387024597560051,,
78,2020-06-26,delayable,0.034927627438640634,,0.3376509684723788,,
79,2020-06-29,delayable,0.01581027667984192,,0.3249352599262,,
80,2020-06-30,delayable,0.0068841664172403245,,0.32420166135622813,,
81,2020-07-01,delayable,-0.0015854141894569619,100.6,0.23299090582306092,,1.0
82,2020-07-02,delayable,0.025605398967844365,,0.23294199925172945,,
83,2020-07-03,delayable,-0.00406425391910201,,0.23264855982374072,,
84,2020-07-06,delayable,-0.0069957248348231525,,0.22990979182917912,,
85,2020-07-07,delayable,-0.005870841487279926,,0.22927400640187018,,
86,2020-07-08,delayable,0.00885826771653549,,0.2287604874028899,,
87,2020-07-09,delayable,-0.008292682926829213,,0.22832032826090679,,
88,2020-07-10,delayable,-0.02233152975897698,,0.22795352897592086,,
89,2020-07-13,delayable,-0.05353189776615006,,0.22298951198577796,,
90,2020-07-14,delayable,0.001169466298107585,,0.22247599298679768,,
91,2020-07-15,delayable,-0.011150047785919052,,0.22201138055914882,,
92,2020-07-16,delayable,0.0049398625429552595,,0.22122887541784553,,
93,2020-07-17,delayable,-0.012823252831801697,,0.22098434256118824,,
94,2020-07-20,delayable,-0.013422818791946255,,0.2168272839980144,,
95,2020-07-21,delayable,-0.013605442176870692,,0.21594696571404817,,
96,2020-07-22,delayable,-0.0027808676307007783,,0.2155557131433965,,
97,2020-07-23,delayable,-0.026547685443391072,,0.21521336714407632,,
98,2020-07-24,delayable,0.016042167984416246,,0.21491992771608756,,
99,2020-07-27,delayable,0.020638321867598942,,0.21105630858090246,,
100,2020-07-28,delayable,0.0202209944751381,,0.21054278958192219,,
101,2020-07-29,delayable,0.0010830715910322595,,0.20990700415461325,,
102,2020-07-30,delayable,0.027588445309964266,,0.20941793844129866,,
103,2020-07-31,delayable,0.0056854074542008,,0.20802410115835215,,
104,2020-08-03,delayable,0.027847571189279847,,0.15997339482519568,,
105,2020-08-04,delayable,0.016398451823181903,,0.15963104882587548,,
106,2020-08-05,delayable,-0.005912416073754919,,0.1593865159692182,,
107,2020-08-06,delayable,-0.0022177419354838593,,0.15926424954088955,,
108,2020-08-07,delayable,0.00383915942614665,,0.15916643639822664,,
109,2020-08-10,delayable,-0.03401771336553941,,0.15735689325896274,,
110,2020-08-11,delayable,-0.013127734944780216,,0.1571368136879712,,
111,2020-08-12,delayable,-0.004645270270270246,,0.15703900054530828,,
112,2020-08-13,delayable,-0.015379719983029304,,0.15691673411697962,,
113,2020-08-14,delayable,-0.007109770548314086,,0.1568189209743167,,
114,2020-08-17,delayable,0.03189758055766516,,0.15476484497839552,,
115,2020-08-18,delayable,0.007675323309851792,,0.1545692186930697,,
116,2020-08-19,delayable,0.01492070116861428,,0.15444695226474106,,
117,2020-08-20,delayable,0.008635756142695626,,0.15427577926508096,,
118,2020-08-21,delayable,-0.0029558658648456454,,0.15400679312275795,,
119,2020-08-24,delayable,0.01676548763034145,,0.15205053026949966,,
120,2020-08-25,delayable,0.010758093706012542,,0.15183045069850812,,
121,2020-08-26,delayable,-0.013329354421565735,,0.15158591784185083,,
122,2020-08-27,delayable,0.03468091541486035,,0.15143919812785644,,
123,2020-08-28,delayable,0.01919516710513494,,0.15124357184253062,,
124,2020-09-01,delayable,0.04149139579349908,101.6,0.11493044262892384,3927821.0,1.3
125,2020-09-02,delayable,0.045070681108867236,,0.11493044262892384,,
126,2020-09-03,delayable,-0.01510759771629336,,0.11485708277192665,,
127,2020-09-04,delayable,-0.01721216445197532,,0.11478372291492947,,
128,2020-09-07,delayable,-0.0672413793103448,,0.11324316591798857,,
129,2020-09-08,delayable,0.02509971787138825,,0.11302308634699701,,
130,2020-09-09,delayable,-0.04707222169497967,,0.1129252732043341,,
131,2020-09-10,delayable,-0.02688975201673143,,0.11280300677600545,,
132,2020-09-11,delayable,-0.009006242963872639,,0.11272964691900828,,
133,2020-09-14,delayable,0.0510172467210575,,0.11175151549237913,,
134,2020-09-15,delayable,-0.06593298614522938,,0.11158034249271903,,
135,2020-09-16,delayable,-0.007679360403955438,,0.11143362277872466,,
136,2020-09-17,delayable,0.010389059684087818,,0.11133580963606175,,
137,2020-09-18,delayable,-0.013429860455356218,,0.1112869030647303,,
138,2020-09-21,delayable,0.03435073912581095,,0.1102598650667697,,
139,2020-09-22,delayable,-0.014085955171704755,,0.11013759863844105,,
140,2020-09-23,delayable,0.011471477734904518,,0.11003978549577814,,
141,2020-09-24,delayable,-0.007629652541499071,,0.1099175190674495,,
142,2020-09-25,delayable,0.017038961038961044,,0.10979525263912085,,
143,2020-09-28,delayable,0.0017366431709061364,,0.10796125621419123,,
144,2020-09-29,delayable,0.002855394656332869,,0.10761891021487102,,
145,2020-09-30,delayable,0.0028472645922310467,,0.1074232839295452,,
146,2020-10-01,delayable,0.0223078483066314,102.6,0.09311811181509404,,1.3
147,2020-10-02,delayable,0.008430866891489868,,0.09311811181509404,,
148,2020-10-05,delayable,0.03776925346709947,,0.09255568624478228,,
149,2020-10-06,delayable,0.010899440811297427,,0.09236005995945645,,
150,2020-10-07,delayable,0.002343896493530846,,0.092311153388125,,
151,2020-10-08,delayable,-0.006173416892713466,,0.09226224681679354,,
152,2020-10-09,delayable,-0.008752941176470653,,0.09221334024546209,,
153,2020-10-12,delayable,-0.01756551462210401,,0.09194435410313907,,
154,2020-10-13,delayable,-0.0037692084662220987,,0.09187099424614188,,
155,2020-10-14,delayable,-0.013581684128831893,,0.09184654096047616,,
156,2020-10-15,delayable,0.0003933910306844221,,0.09174872781781324,,
157,2020-10-16,delayable,0.0004915454187966689,,0.09167536796081606,,
158,2020-10-19,delayable,-0.013559988208705862,,0.09130856867583013,,
159,2020-10-20,delayable,0.0008965036358203347,,0.09096622267650993,,
160,2020-10-21,delayable,-0.004578025477707085,,0.09084395624818128,,
161,2020-10-22,delayable,-0.009198160367926433,,0.09077059639118411,,
162,2020-10-23,delayable,0.010898082744702447,,0.09077059639118411,,
163,2020-10-26,delayable,-0.0036933519664604166,,0.0905016102488611,,
164,2020-10-27,delayable,0.01973750125237951,,0.09040379710619817,,
165,2020-10-28,delayable,0.02318726665356651,,0.09030598396353526,,
166,2020-10-29,delayable,0.017764547724217344,,0.08998809124988079,,
167,2020-10-30,delayable,0.0021700160392490236,,0.08981691825022069,,
168,2020-11-02,delayable,0.07446808510638295,,0.1484803505623033,,
169,2020-11-03,delayable,0.04004205730307551,,0.1486515235619634,,
170,2020-11-04,delayable,0.041533277169334394,,0.1492384024179409,,
171,2020-11-05,delayable,0.04052414462509093,,0.18310620306497483,,
172,2020-11-06,delayable,-0.0450093283582089,,0.18525809220355893,,
173,2020-11-09,delayable,-0.22043142043142042,,0.1919338391903028,,
174,2020-11-10,delayable,-0.11057742508092294,,0.19183602604763988,,
175,2020-11-11,delayable,-0.10694998826015512,,0.1921783720469601,,
176,2020-11-12,delayable,-0.12554226370448268,,0.19239845161795163,,
177,2020-11-13,delayable,0.026458208057727077,,0.1924473581892831,,
178,2020-11-16,delayable,0.07029876977152895,,0.1922028253326258,,
179,2020-11-17,delayable,0.024630541871921145,,0.1920071990473,,
180,2020-11-18,delayable,0.017227564102564187,,0.19198274576163427,,
181,2020-11-19,delayable,0.011946960745700362,,0.1920316523329657,,
182,2020-11-20,delayable,0.018811624286455667,,0.19205610561863146,,
183,2020-11-23,delayable,0.06914554947153945,,0.19159149319098262,,
184,2020-11-24,delayable,0.031681753215817184,,0.19127360047732814,,
185,2020-11-25,delayable,0.014430847379358114,,0.1909801610493394,,
186,2020-11-26,delayable,0.023898941618299696,,0.19051554862169057,,
187,2020-11-27,delayable,0.030676892297432534,,0.1907356281926821,,
188,2020-11-30,delayable,0.14601531327509967,,0.18080759421239634,,
189,2020-12-01,delayable,0.0463912675261128,99.6,0.1633234949614005,3788373.0,1.5
190,2020-12-02,delayable,0.0032374100719424407,,0.16312786867607465,,
191,2020-12-03,delayable,0.09322337755467902,,0.16190520439278824,,
192,2020-12-04,delayable,0.03993112495900299,,0.16168512482179667,,
193,2020-12-07,delayable,0.1326973113616652,,0.16029128753885016,,
194,2020-12-08,delayable,0.026172908255603446,,0.15994894153952996,,
195,2020-12-09,delayable,0.05148555148555151,,0.15967995539720695,,
196,2020-12-10,delayable,-0.02780465776401524,,0.15958214225454403,,
197,2020-12-11,delayable,0.002256138022561403,,0.15933760939788674,,
198,2020-12-14,delayable,-0.01966366525423728,,0.15899526339856654,,
199,2020-12-15,delayable,0.0022286756263930067,,0.15892190354156938,,
200,2020-12-16,delayable,0.0026954177897574507,,0.15892190354156938,,
201,2020-12-17,delayable,0.002150537634408556,,0.15916643639822664,,
202,2020-12-18,delayable,0.0017435622317595956,,0.15923979625522383,,
203,2020-12-21,delayable,-0.02831704378096124,,0.16860540466519783,,
204,2020-12-22,delayable,-0.011023079572855627,,0.16946126966349834,,
205,2020-12-23,delayable,-0.021455938697318093,,0.1703660412331303,,
206,2020-12-24,delayable,-0.021285683775895275,,0.17102627994610495,,
207,2020-12-29,delayable,-0.4517748036077974,,0.17589248379358494,,
208,2020-12-30,delayable,-0.0770863738888152,,0.17579467065092202,,
209,2020-12-31,delayable,-0.07130534790109269,,0.17469427279596422,,
210,2021-01-04,delayable,-0.09318885448916403,,0.24235651423303492,,
211,2021-01-05,delayable,0.03977466712188457,,0.2442149639436303,,
212,2021-01-06,delayable,-0.060909538663601936,,0.24546208151258245,,
213,2021-01-07,delayable,-0.06800699300699302,,0.2457799742262369,,
214,2021-01-08,delayable,-0.006565372350403328,,0.24590224065456556,,
215,2021-01-11,delayable,0.014728096676737181,,0.24705154508085478,,
216,2021-01-12,delayable,-0.013025679196129564,,0.24707599836652053,,
217,2021-01-13,delayable,-0.0252639517345399,,0.24717381150918344,,
218,2021-01-14,delayable,-0.016247582205029077,,0.2473205312231778,,
219,2021-01-15,delayable,0.0025560361777428736,,0.2474917042228379,,
220,2021-01-18,delayable,0.00607962345557943,,0.2480785830788154,,
221,2021-01-19,delayable,-0.005458089668615869,,0.24812748965014683,,
222,2021-01-20,delayable,-0.0005880047040376545,,0.2482497560784755,,
223,2021-01-21,delayable,-0.011178662482839778,,0.2481030363644811,,
224,2021-01-22,delayable,0.008131693772312506,,0.2481763962214783,,
225,2021-01-25,delayable,0.008066102695258778,,0.24802967650748392,,
226,2021-01-26,delayable,0.005854800936768094,,0.2477362370794952,,
227,2021-01-27,delayable,0.020566550252231322,,0.24763842393683227,,
228,2021-01-28,delayable,0.028897338403041747,,0.24746725093717217,,
229,2021-01-29,delayable,0.011271249076127116,,0.24661138593887166,,
230,2021-02-01,delayable,0.05755527133199353,96.1,0.23267301310940644,,1.6
231,2021-02-02,delayable,0.01952315134761568,,0.23269746639507216,,
232,2021-02-03,delayable,0.0018640908320623527,,0.2327219196807379,,
233,2021-02-04,delayable,0.007273342354533149,,0.23269746639507216,,
234,2021-02-05,delayable,0.00470193115029389,,0.23267301310940644,,
235,2021-02-08,delayable,-0.0028413839211098397,,0.23274637296640363,,
236,2021-02-09,delayable,0.0026818638954073703,,0.23267301310940644,,
237,2021-02-10,delayable,-0.016883985289200903,,0.23264855982374072,,
238,2021-02-11,delayable,-0.009182111885733703,,0.23259965325240925,,
239,2021-02-12,delayable,0.008409129912476315,,0.2325262933954121,,
240,2021-02-15,delayable,0.0028931245745405327,,0.2316948816827773,,
241,2021-02-16,delayable,-0.003902935686407549,,0.23149925539745148,,
242,2021-02-17,delayable,0.01686541737649054,,0.23142589554045429,,
243,2021-02-18,delayable,0.0020103869994974794,,0.23137698896912284,,
244,2021-02-19,delayable,-0.01203812071559938,,0.23125472254079418,,
245,2021-02-22,delayable,-0.026908106278558188,,0.23010541811450497,,
246,2021-02-23,delayable,-0.015130434782608651,,0.22993424511484487,,
247,2021-02-24,delayable,-0.006003884866678499,,0.2298119786865162,,
248,2021-02-25,delayable,-0.002131817374311555,,0.22961635240119038,,
249,2021-02-26,delayable,0.018337190671176805,,0.22927400640187018,,
250,2021-03-01,delayable,0.08409090909090901,99.8,,,
251,2021-03-02,delayable,0.035478148685695786,,,,
252,2021-03-03,delayable,0.020869023516586257,,,,
253,2021-03-04,delayable,0.013119755911517917,,,,
254,2021-03-05,delayable,0.001054058123776651,,,,
255,2021-03-08,delayable,-0.03880866425992788,,,,
256,2021-03-09,delayable,-0.0112676056338028,,,,
257,2021-03-10,delayable,-0.0053814498258942115,,,,
258,2021-03-11,delayable,0.005887969446212562,,,,
259,2021-03-12,delayable,-0.007751937984496155,,,,
260,2021-03-15,delayable,-0.007812500000000031,,,,
261,2021-03-16,delayable,0.001285553591515433,,,,
262,2021-03-17,delayable,-0.011555127587867097,,,,
263,2021-03-18,delayable,-0.013476213671050582,,,,
264,2021-03-19,delayable,-0.010862409479920945,,,,
265,2021-03-22,delayable,-0.013976705490848642,,,,
266,2021-03-23,delayable,-0.008606142423219677,,,,
267,2021-03-24,delayable,-0.030468085106382964,,,,
268,2021-03-25,delayable,0.04617275280898881,,,,
269,2021-03-26,delayable,0.018459473065950565,,,,
270,2021-03-29,delayable,0.0683802932937882,,,,
271,2021-03-30,delayable,0.019123997532387336,,,,
272,2021-03-31,delayable,0.04373486682808718,,,,
273,2020-03-04,social,0.0059916725906367764,,,,
274,2020-03-05,social,-0.0031294165152433097,,,,
275,2020-03-06,social,0.0011139240506329057,,,,
276,2020-03-09,social,-0.031458628363342095,,,,
277,2020-03-10,social,-0.012010443864229824,,,,
278,2020-03-11,social,-0.0011627906976744127,,,,
279,2020-03-12,social,-0.005291565244999471,,,,
280,2020-03-13,social,-0.03127992339610595,,,,
281,2020-03-16,social,-0.11301482701812182,,,,
282,2020-03-17,social,-0.05274888558692428,,,,
283,2020-03-18,social,-0.05359477124182999,,,,
284,2020-03-19,social,-0.08618784530386753,,,,
285,2020-03-20,social,-0.07708585247883909,,,,
286,2020-03-23,social,-0.35702587618735676,,0.6988073740969057,,
287,2020-03-24,social,-0.07386653082017317,,0.8217892196612784,,
288,2020-03-25,social,-0.1487898789878988,,0.839153385181318,,
289,2020-03-26,social,-0.08917609046849752,,0.8484945039264218,,
290,2020-03-27,social,-0.09010287335934737,,0.8623629133516679,,
291,2020-03-30,social,-0.32709551656920066,,0.8882085854623538,,
292,2020-03-31,social,0.09733487833140206,,0.8823632228120435,,
293,2020-04-01,social,0.005279831045406434,63.6,0.932220727770573,,2.4
294,2020-04-02,social,0.009453781512605028,,0.9326791875862835,,
295,2020-04-03,social,0.01352757544224774,,0.9364041735889324,,
296,2020-04-06,social,0.20225872689938404,,0.9436249156863745,,
297,2020-04-07,social,-0.1067463706233988,,0.9437395306403021,,
298,2020-04-08,social,-0.026768642447418844,,0.943796838117266,,
299,2020-04-09,social,0.008840864440078571,,0.9438541455942299,,
300,2020-04-14,social,-0.030671859785783788,,0.9415045390387129,,
301,2020-04-15,social,0.02561526870919144,,0.9412753091308577,,
302,2020-04-16,social,-0.003917727717923695,,0.9416191539926406,,
303,2020-04-17,social,-0.011799410029498449,,0.9415045390387129,,
304,2020-04-20,social,0.08009950248756216,,0.9370918633124983,,
305,2020-04-21,social,-0.049286043298019354,,0.9367480184507153,,
306,2020-04-22,social,0.007267441860465048,,0.9365760960198238,,
307,2020-04-23,social,0.027417027417027433,,0.9364614810658961,,
308,2020-04-24,social,0.010299625468164741,,0.9372064782664259,,
309,2020-04-27,social,0.05468025949953676,,0.935544561434475,,
310,2020-04-28,social,0.011862917398945499,,0.9353726390035835,,
311,2020-04-29,social,0.019539730785931363,,0.9349141791878728,,
312,2020-04-30,social,0.00340715502555359,,0.9342837969412707,,
313,2020-05-01,social,0.026740237691001808,68.3,0.934856871710909,,1.1
314,2020-05-04,social,0.0400992145514675,,0.9360030212501855,,
315,2020-05-05,social,0.0123211446740858,,0.935831098819294,,
316,2020-05-06,social,-0.0031409501374165018,,0.934856871710909,,
317,2020-05-07,social,0.004726270185112288,,0.9346849492800176,,
318,2020-05-11,social,0.04586436691493524,,0.9339972595564516,,
319,2020-05-12,social,0.00862068965517243,,0.9320488053396815,,
320,2020-05-13,social,0.014864362690449594,,0.931533038047007,,
321,2020-05-14,social,0.008787989747345367,,0.9320488053396815,,
322,2020-05-15,social,-0.007985480943738745,,0.9322780352475368,,
323,2020-05-18,social,0.09001097694840839,,0.9274068997056115,,
324,2020-05-19,social,0.008392077878482713,,0.9273495922286477,,
325,2020-05-20,social,0.0003328894806924622,,0.9261461352124073,,
326,2020-05-21,social,0.010648918469217979,,0.9256303679197329,,
327,2020-05-22,social,0.020414883108330506,,0.924598833334384,,
328,2020-05-26,social,0.08422071636011627,,0.9186388557301459,,
329,2020-05-27,social,0.03898809523809509,,0.91795116600658,,
330,2020-05-28,social,0.012603838441707387,,0.9164611716055205,,
331,2020-05-29,social,0.007637906647807525,,0.9158307893589185,,
332,2020-06-01,social,0.0774845592363842,82.3,0.8925066462346409,1668804.646799116,0.4
333,2020-06-02,social,-0.038301198540906876,,0.8919908789419665,,
334,2020-06-03,social,0.0005418585749120327,,0.8909020368796537,,
335,2020-06-04,social,0.02464121310587608,,0.890787421925726,,
336,2020-06-05,social,0.01717758985200842,,0.8917616490341111,,
337,2020-06-08,social,0.05975578072226544,,0.8853432116141625,,
338,2020-06-09,social,0.0004903162539838962,,0.8848274443214881,,
339,2020-06-10,social,0.0012251899044351177,,0.8846555218905966,,
340,2020-06-11,social,0.007342143906020488,,0.8844262919827413,,
341,2020-06-12,social,-0.0029154518950436697,,0.8844835994597051,,
342,2020-06-15,social,0.007797270955165699,,0.8786382368093948,,
343,2020-06-16,social,0.01716634429400389,,0.8780078545627926,,
344,2020-06-17,social,0.016163536962205842,,0.8771482424083352,,
345,2020-06-18,social,0.009824561403508812,,0.874569405944963,,
346,2020-06-19,social,0.01250868658790825,,0.8743401760371078,,
347,2020-06-22,social,0.021505376344085968,,0.8443683655850263,,
348,2020-06-23,social,0.0006718924972004734,,0.8433941384766411,,
349,2020-06-24,social,-0.004700089525514791,,0.8416749141677263,,
350,2020-06-25,social,-0.06746120980436249,,0.839497230043101,,
351,2020-06-26,social,0.09452616349168078,,0.8361160889022352,,
352,2020-06-29,social,0.06565322758316802,,0.7616163688492601,,
353,2020-06-30,social,0.02501550547860246,,0.7574329230309008,,
354,2020-07-01,social,0.02077450584913274,91.8,0.7467737323156289,,0.7
355,2020-07-02,social,0.028650464335111696,,0.7469456547465204,,
356,2020-07-03,social,-0.07721859393008074,,0.7458568126842077,,
357,2020-07-06,social,0.02747710241465446,,0.7379483808631996,,
358,2020-07-07,social,0.009724473257698622,,0.7360572341233933,,
359,2020-07-08,social,0.010634028892455738,,0.7281488023023852,,
360,2020-07-09,social,0.052610680960889535,,0.7270599602400725,,
361,2020-07-10,social,0.014711429649188873,,0.7251688135002662,,
362,2020-07-13,social,0.03141263940520455,,0.7068304208718416,,
363,2020-07-14,social,-0.00018021265092818734,,0.7052831189938182,,
364,2020-07-15,social,0.00396539293439088,,0.703678509638831,,
365,2020-07-16,social,-0.0034111310592460473,,0.7026469750534822,,
366,2020-07-17,social,0.017654476670870185,,0.7008131357906398,,
367,2020-07-20,social,-0.022304832713754736,,0.682875895500962,,
368,2020-07-21,social,-0.022994749230490604,,0.6800105216527705,,
369,2020-07-22,social,-0.0429948109710897,,0.6784059122977834,,
370,2020-07-23,social,-0.052091402013942634,,0.6769159178967239,,
371,2020-07-24,social,0.03186925434116435,,0.6727897795553284,,
372,2020-07-27,social,0.021975846367056018,,0.6490071766153401,,
373,2020-07-28,social,0.021503293297171627,,0.6460271878132212,,
374,2020-07-29,social,0.05006637587710982,,0.6423595092875363,,
375,2020-07-30,social,0.06321112515802782,,0.6413852821791513,,
376,2020-07-31,social,-0.004926108374384222,,0.6353106896209856,,
377,2020-08-03,social,0.010925230454079901,,0.49467814115175424,,
378,2020-08-04,social,0.006079027355623091,,0.4933600691815862,,
379,2020-08-05,social,0.008056394763343471,,0.49307353179676705,,
380,2020-08-06,social,0.0024975024975024736,,0.49284430188891176,,
381,2020-08-07,social,-0.00033217073575823164,,0.49204199721141817,,
382,2020-08-10,social,-0.01678019604585476,,0.4827581859432782,,
383,2020-08-11,social,0.006083136194660349,,0.4814401139731102,,
384,2020-08-12,social,0.0035270406449445894,,0.48115357658829105,,
385,2020-08-13,social,-0.0003347280334728557,,0.4808670392034719,,
386,2020-08-14,social,0.004520341536916175,,0.48029396443383365,,
387,2020-08-17,social,0.011999999999999981,,0.4703797709190916,,
388,2020-08-18,social,0.0011528326745718098,,0.46923362137981506,,
389,2020-08-19,social,0.00016450074025329842,,0.46883246904106823,,
390,2020-08-20,social,0.012335526315789474,,0.4680874718405385,,
391,2020-08-21,social,-0.015922014622258278,,0.46625363257769603,,
392,2020-08-24,social,0.0376423972263497,,0.457657511033122,,
393,2020-08-25,social,-0.0009546539379475302,,0.4562248241090263,,
394,2020-08-26,social,-0.03663003663003658,,0.4549067521388583,,
395,2020-08-27,social,0.027607869069267557,,0.45410444746136475,,
396,2020-08-28,social,0.0283140283140284,,0.45152561099799254,,
397,2020-09-01,social,0.06836670838548192,93.5,0.37393128718897084,1559885.0,1.5
398,2020-09-02,social,0.0385122272660711,,0.37387397971200703,,
399,2020-09-03,social,-0.019599548787366052,,0.3736447498041517,,
400,2020-09-04,social,-0.0050337983604198805,,0.37307167503451344,,
401,2020-09-07,social,0.022983521248915714,,0.3712951432486348,,
402,2020-09-08,social,-0.06711883566482973,,0.3702636086632859,,
403,2020-09-09,social,0.0009088155104514129,,0.3700343787554306,,
404,2020-09-10,social,-0.005296610169491439,,0.36974784137061145,,
405,2020-09-11,social,-0.006389776357827502,,0.3690028441700817,,
406,2020-09-14,social,-0.0038278977185729596,,0.36143825721085654,,
407,2020-09-15,social,-0.006762988011066672,,0.3608078749642545,,
408,2020-09-16,social,-0.0006190034045188216,,0.3608651824412183,,
409,2020-09-17,social,0.009290802105915276,,0.360635952533363,,
410,2020-09-18,social,-0.03620742559067208,,0.36017749271765237,,
411,2020-09-21,social,0.032314549506526485,,0.3598336478558694,,
412,2020-09-22,social,-0.007710100231303007,,0.35943249551712264,,
413,2020-09-23,social,-0.00979020979020972,,0.3590313431783758,,
414,2020-09-24,social,-0.019774011299435,,0.35868749831659286,,
415,2020-09-25,social,0.028978546269612476,,0.3581144235469546,,
416,2020-09-28,social,-0.029562782013381028,,0.3531286730511016,,
417,2020-09-29,social,-0.00048100048100038534,,0.35020599172594646,,
418,2020-09-30,social,0.002406159769008639,,0.3490025347097061,,
419,2020-10-01,social,0.008641382621219381,93.8,0.350034069295055,,1.4
420,2020-10-02,social,0.004759638267491625,,0.35009137677201885,,
421,2020-10-05,social,0.010579504184430787,,0.3565098141919674,,
422,2020-10-06,social,0.003593750000000062,,0.35628058428411213,,
423,2020-10-07,social,-0.0038922621827807424,,0.3562232768071483,,
424,2020-10-08,social,-0.010159424820256308,,0.3567963515767866,,
425,2020-10-09,social,-0.05842412758566234,,0.3566817366228589,,
426,2020-10-12,social,0.025155123260103975,,0.3566244291458951,,
427,2020-10-13,social,-0.008670047439882237,,0.35633789176107594,,
428,2020-10-14,social,-0.0019801980198020552,,0.3562232768071483,,
429,2020-10-15,social,-0.004794973544973531,,0.35616596933018446,,
430,2020-10-16,social,0.05515866422993854,,0.3557075095144739,,
431,2020-10-19,social,-0.05621162021728862,,0.357312118869461,,
432,2020-10-20,social,0.00016683350016691886,,0.35714019643856953,,
433,2020-10-21,social,-0.00033361134278570687,,0.3568536590537504,,
434,2020-10-22,social,0.003670949441014498,,0.3563951992380398,,
435,2020-10-23,social,0.00033250207813804035,,0.35610866185322065,,
436,2020-10-26,social,0.009971746717633395,,0.35782788616213546,,
437,2020-10-27,social,0.009379628105973346,,0.3566244291458951,,
438,2020-10-28,social,0.010922725790674838,,0.35628058428411213,,
439,2020-10-29,social,0.007579422673762278,,0.3549625123139441,,
440,2020-10-30,social,0.013764404609475138,,0.35335790295895697,,
441,2020-11-02,social,0.03899589516892957,,0.6370872214068641,,
442,2020-11-03,social,0.00410271995137511,,0.6383479859000684,,
443,2020-11-04,social,-0.01634382566585954,,0.6397233653472002,,
444,2020-11-05,social,-0.004769230769230804,,0.663334045856297,,
445,2020-11-06,social,-0.033544597310248794,,0.6675747991516201,,
446,2020-11-09,social,-0.14299424184261045,,0.680182444083662,,
447,2020-11-10,social,-0.025942515864128417,,0.6801251366066983,,
448,2020-11-11,social,-0.02203487258095418,,0.680182444083662,,
449,2020-11-12,social,-0.009012539184952996,,0.6802397515606259,,
450,2020-11-13,social,0.013444049031237639,,0.6797239842679514,,
451,2020-11-16,social,0.04740538431525556,,0.6785205272517111,,
452,2020-11-17,social,-0.009685230024213001,,0.6784059122977834,,
453,2020-11-18,social,0.002068835809667095,,0.6783486048208196,,
454,2020-11-19,social,-0.02458708708708713,,0.6782912973438557,,
455,2020-11-20,social,-0.011545122185876494,,0.6778901450051089,,
456,2020-11-23,social,0.007202647459606863,,0.6736493917097858,,
457,2020-11-24,social,0.0032856590645534323,,0.6731909318940752,,
458,2020-11-25,social,0.0036601810826431295,,0.6725032421705093,,
459,2020-11-26,social,0.015930902111324342,,0.6710132477694497,,
460,2020-11-27,social,0.010768940109578694,,0.6694659458914264,,
461,2020-11-30,social,0.02448598130841126,,0.6168003745616695,,
462,2020-12-01,social,0.005838350665936878,89.7,0.6574313757290228,1471762.0,1.2
463,2020-12-02,social,0.016325049882096834,,0.657316760775095,,
464,2020-12-03,social,0.008388363376762428,,0.6565717635745654,,
465,2020-12-04,social,0.014690265486725633,,0.6555402289892165,,
466,2020-12-07,social,0.04029304029304034,,0.6517579355096039,,
467,2020-12-08,social,0.009054325955734393,,0.6506690934472912,,
468,2020-12-09,social,0.007643735460285824,,0.6504398635394358,,
469,2020-12-10,social,0.006101583113456422,,0.6502106336315805,,
470,2020-12-11,social,-0.0008195377806916433,,0.6496375588619423,,
471,2020-12-14,social,0.007053805774278211,,0.6527321626179889,,
472,2020-12-15,social,0.001140250855188146,,0.6524456252331698,,
473,2020-12-16,social,0.0024406117800195018,,0.6535344672954825,,
474,2020-12-17,social,-0.011686414543093635,,0.6535917747724463,,
475,2020-12-18,social,-0.005912300870422063,,0.6536490822494102,,
476,2020-12-21,social,-0.03717165042127871,,0.6577752205908057,,
477,2020-12-22,social,-0.015614275909402946,,0.6574886832059865,,
478,2020-12-23,social,-0.01377026320376502,,0.6575459906829504,,
479,2020-12-24,social,-0.00759985860728172,,0.6574313757290228,,
480,2020-12-29,social,-0.29706144256455924,,0.6474025672603531,,
481,2020-12-30,social,-0.002533569799848022,,0.6448237307969809,,
482,2020-12-31,social,-0.004318008636017136,,0.6393795204854172,,
483,2021-01-04,social,0.11377551020408147,,0.7316445583971787,,
484,2021-01-05,social,0.08680714612918018,,0.7323322481207446,,
485,2021-01-06,social,-0.030136986301369854,,0.732848015413419,,
486,2021-01-07,social,-0.026510212950891045,,0.7331345527982381,,
487,2021-01-08,social,-0.02165178571428569,,0.7334783976600211,,
488,2021-01-11,social,0.012776637006616525,,0.7333637827060935,,
489,2021-01-12,social,-0.006082451002478106,,0.7333064752291296,,
490,2021-01-13,social,-0.0011332728921123563,,0.7333637827060935,,
491,2021-01-14,social,0.000680735194009556,,0.7333064752291296,,
492,2021-01-15,social,0.013378684807256151,,0.7331345527982381,,
493,2021-01-18,social,0.009845603043186504,,0.734166087383587,,
494,2021-01-19,social,-0.0070906270773321576,,0.7342233948605509,,
495,2021-01-20,social,0.0011158223610800526,,0.7340514724296594,,
496,2021-01-21,social,-0.00022291573785104794,,0.7334783976600211,,
497,2021-01-22,social,0.006911928651058978,,0.7332491677521658,,
498,2021-01-25,social,0.02369353410097432,,0.7296387967034447,,
499,2021-01-26,social,0.016223231667748216,,0.7283780322102406,,
500,2021-01-27,social,0.01277139208173694,,0.7276330350097108,,
501,2021-01-28,social,0.016393442622950845,,0.7269453452861449,,
502,2021-01-29,social,0.004755996691480645,,0.7223034396520749,,
503,2021-02-01,social,0.07717637373945256,86.2,0.677546300143326,,0.8
504,2021-02-02,social,0.0722200993504011,,0.6776609150972537,,
505,2021-02-03,social,0.004632929436920975,,0.6776609150972537,,
506,2021-02-04,social,0.008158921603405478,,0.6776609150972537,,
507,2021-02-05,social,0.01038001407459529,,0.6780047599590366,,
508,2021-02-08,social,-0.005746125718265685,,0.67491015620299,,
509,2021-02-09,social,-0.039229422066549946,,0.6748528487260261,,
510,2021-02-10,social,0.004374772147284032,,0.6748528487260261,,
511,2021-02-11,social,-0.00725952813067148,,0.6747955412490623,,
512,2021-02-12,social,-0.0005484460694698563,,0.674566311341207,,
513,2021-02-15,social,0.022681543808304276,,0.672560549647473,,
514,2021-02-16,social,0.021999642282239384,,0.672560549647473,,
515,2021-02-17,social,-0.002975148757437902,,0.6722167047856901,,
516,2021-02-18,social,-0.0015797788309636002,,0.6718155524469434,,
517,2021-02-19,social,0.0045710267229254215,,0.6714717075851604,,
518,2021-02-22,social,0.033776688834441716,,0.6704401729998115,,
519,2021-02-23,social,-0.02149991535466401,,0.6693513309374988,,
520,2021-02-24,social,0.01055363321799307,,0.6685490262600051,,
521,2021-02-25,social,0.011470638589282687,,0.6678040290594754,,
522,2021-02-26,social,0.009140148950575477,,0.6659128823196692,,
523,2021-03-01,social,0.05367326400536738,87.9,,,
524,2021-03-02,social,0.016077682266793982,,,,
525,2021-03-03,social,0.005796647344508923,,,,
526,2021-03-04,social,0.00327102803738308,,,,
527,2021-03-05,social,0.005123428039124333,,,,
528,2021-03-08,social,-0.009731232622798819,,,,
529,2021-03-09,social,-0.004679457182966732,,,,
530,2021-03-10,social,-0.0031343049678734186,,,,
531,2021-03-11,social,-0.0061311114604622,,,,
532,2021-03-12,social,-0.011072445428661749,,,,
533,2021-03-15,social,0.01871401151631469,,,,
534,2021-03-16,social,0.015544041450777346,,,,
535,2021-03-17,social,0.023964131106988203,,,,
536,2021-03-18,social,0.011173184357541822,,,,
537,2021-03-19,social,0.015827982678811442,,,,
538,2021-03-22,social,0.0035278553579302496,,,,
539,2021-03-23,social,-0.013475904496850766,,,,
540,2021-03-24,social,-0.0890868596881959,,,,
541,2021-03-25,social,0.06780766096169526,,,,
542,2021-03-26,social,-0.0044268050679286556,,,,
543,2021-03-29,social,0.028672186445875568,,,,
544,2021-03-30,social,0.004322551796094679,,,,
545,2021-03-31,social,0.08444642327100027,,,,
546,2020-03-04,staple,0.017656351640182193,,,,
547,2020-03-05,staple,0.013788695096338151,,,,
548,2020-03-06,staple,0.0014411817690507189,,,,
549,2020-03-09,staple,-0.025993883792048932,,,,
550,2020-03-10,staple,0.0051712992889462375,,,,
551,2020-03-11,staple,-0.009738171796049501,,,,
552,2020-03-12,staple,0.0023193246126727894,,,,
553,2020-03-13,staple,0.014531654942613782,,,,
554,2020-03-16,staple,0.05574308913420308,,,,
555,2020-03-17,staple,0.03188731420670582,,,,
556,2020-03-18,staple,0.03441922787036261,,,,
557,2020-03-19,staple,0.031249999999999997,,,,
558,2020-03-20,staple,0.013581409954467093,,,,
559,2020-03-23,staple,-0.07892494771899938,,0.041842477801225415,,
560,2020-03-24,staple,-0.04389505549949545,,0.046782060940279556,,
561,2020-03-25,staple,-0.06314863676341255,,0.04968378915201091,,
562,2020-03-26,staple,-0.058392790086368745,,0.05114572855639465,,
563,2020-03-27,staple,-0.06171485543369888,,0.05369304721554812,,
564,2020-03-30,staple,-0.07342471575815532,,0.05714854035318241,,
565,2020-03-31,staple,-0.0052752293577982565,,0.05721499214429076,,
566,2020-04-01,staple,0.03228037814157265,73.3,0.07989720350927479,,3.1
567,2020-04-02,staple,0.025686843868662018,,0.08000795649445537,,
568,2020-04-03,staple,0.014155052264808331,,0.08025161306185266,,
569,2020-04-06,staple,0.00708610693579554,,0.08200151022770592,,
570,2020-04-07,staple,0.005223880597015023,,0.08220086560103097,,
571,2020-04-08,staple,-0.012302471099798607,,0.08237807037731991,,
572,2020-04-09,staple,0.0030065499838934947,,0.0824888233625005,,
573,2020-04-14,staple,-0.10384327159832998,,0.0832640942587646,,
574,2020-04-15,staple,0.04575319555608664,,0.08337484724394519,,
575,2020-04-16,staple,-0.014736120630568953,,0.08346344963208965,,
576,2020-04-17,staple,0.02944927536231891,,0.08355205202023412,,
577,2020-04-20,staple,-0.012276157224912753,,0.08412796754317317,,
578,2020-04-21,staple,0.1109464082098062,,0.08426087112538988,,
579,2020-04-22,staple,-0.03284409319511447,,0.08430517231946211,,
580,2020-04-23,staple,0.007534755385758185,,0.08434947351353435,,
581,2020-04-24,staple,0.004423846639983165,,0.0844159253046427,,
582,2020-04-27,staple,0.03429110738255029,,0.08461528067796775,,
583,2020-04-28,staple,0.0073000101389029595,,0.08461528067796775,,
584,2020-04-29,staple,0.009562154001006571,,0.08457097948389553,,
585,2020-04-30,staple,0.008574277168494512,,0.08457097948389553,,
586,2020-05-01,staple,0.025207591933570556,74.2,0.08769421366598805,,2.8
587,2020-05-04,staple,-0.0001928454343843026,,0.0878935690393131,,
588,2020-05-05,staple,0.02652136175137429,,0.0878935690393131,,
589,2020-05-06,staple,-0.0007515971439308371,,0.08802647262152981,,
590,2020-05-07,staple,0.002162467092892102,,0.08813722560671039,,
591,2020-05-11,staple,-0.052256309222253564,,0.08820367739781874,,
592,2020-05-12,staple,-0.0079192239160562,,0.08820367739781874,,
593,2020-05-13,staple,-0.018060267411694295,,0.08820367739781874,,
594,2020-05-14,staple,-0.010364800325170166,,0.08820367739781874,,
595,2020-05-15,staple,0.019303829962008374,,0.08822582799485486,,
596,2020-05-18,staple,0.02034854437392979,,0.0882701291889271,,
597,2020-05-19,staple,-0.021226182248988108,,0.08824797859189097,,
598,2020-05-20,staple,0.014827516643130914,,0.08822582799485486,,
599,2020-05-21,staple,0.003776960540701674,,0.0881593762037465,,
600,2020-05-22,staple,0.005545103475591666,,0.0881593762037465,,
601,2020-05-26,staple,-0.010930576070901029,,0.08782711724820474,,
602,2020-05-27,staple,0.027279968140183287,,0.0877606654570964,,
603,2020-05-28,staple,-0.0019383601473153987,,0.08769421366598805,,
604,2020-05-29,staple,0.013691979025053374,,0.08753915948673523,,
605,2020-06-01,staple,-0.002107481559536343,75.8,0.08005225768852761,4518322.0244213715,2.5
606,2020-06-02,staple,0.08754919842565043,,0.07998580589741926,,
607,2020-06-03,staple,-0.017918615941389365,,0.07996365530038314,,
608,2020-06-04,staple,0.005842171490203051,,0.07996365530038314,,
609,2020-06-05,staple,-0.016709856134393623,,0.07998580589741926,,
610,2020-06-08,staple,-0.03171573973100699,,0.07923268559819127,,
611,2020-06-09,staple,-0.026560300328484266,,0.07921053500115516,,
612,2020-06-10,staple,-0.017643655996914753,,0.07929913738929963,,
613,2020-06-11,staple,-0.009520070664442035,,0.07923268559819127,,
614,2020-06-12,staple,-0.0022790328973444707,,0.07918838440411903,,
615,2020-06-15,staple,-0.010428046479292852,,0.07861246888118,,
616,2020-06-16,staple,0.006523484544359752,,0.07830236052267435,,
617,2020-06-17,staple,0.004287566058430477,,0.078235908731566,,
618,2020-06-18,staple,0.003971405877680755,,0.07814730634342153,,
619,2020-06-19,staple,0.004746835443037873,,0.07801440276120482,,
620,2020-06-22,staple,0.03248031496063004,,0.0764417103716405,,
621,2020-06-23,staple,-0.0044804575786463186,,0.07624235499831544,,
622,2020-06-24,staple,-0.00019151584793651472,,0.07599869843091815,,
623,2020-06-25,staple,-0.000670433866487819,,0.07571074066944863,,
624,2020-06-26,staple,0.003546099290780049,,0.0751569757435457,,
625,2020-06-29,staple,0.013752268169229415,,0.07243245230810329,,
626,2020-06-30,staple,0.005558172397550534,,0.07221094633774211,,
627,2020-07-01,staple,0.02032977328086942,83.4,0.06461329155435391,,2.5
628,2020-07-02,staple,0.015976494353135702,,0.0645911409573178,,
629,2020-07-03,staple,0.0007230004518752669,,0.06452468916620945,,
630,2020-07-06,staple,-0.024022396821096456,,0.06432533379288438,,
631,2020-07-07,staple,0.0019431849727029515,,0.06425888200177604,,
632,2020-07-08,staple,-0.027521241226449982,,0.0642145808077038,,
633,2020-07-09,staple,-0.015289648622981952,,0.06419243021066769,,
634,2020-07-10,staple,-0.012151605747902314,,0.06405952662845098,,
635,2020-07-13,staple,-0.010348530703895365,,0.06379371946401757,,
636,2020-07-14,staple,-0.007990529742527397,,0.06372726767290922,,
637,2020-07-15,staple,0.0010938743038981646,,0.0635722134936564,,
638,2020-07-16,staple,-0.005960067547432289,,0.06337285812033135,,
639,2020-07-17,staple,0.0010992305386231004,,0.06326210513515076,,
640,2020-07-20,staple,-0.0017967658215213298,,0.0626640390151756,,
641,2020-07-21,staple,-0.0018999999999999772,,0.062221027074453254,,
642,2020-07-22,staple,-0.021340547039374765,,0.0620216717011282,,
643,2020-07-23,staple,-0.005528255528255592,,0.061888768118911495,,
644,2020-07-24,staple,0.002676549310273884,,0.06149005737226138,,
645,2020-07-27,staple,0.013757700205338697,,0.060360376923419404,,
646,2020-07-28,staple,0.013570994531091791,,0.060138870953058234,,
647,2020-07-29,staple,0.03507194244604322,,0.05978446140048036,,
648,2020-07-30,staple,0.007240081088908196,,0.05967370841529977,,
649,2020-07-31,staple,0.0069005175388154,,0.059230696474577425,,
650,2020-08-03,staple,0.047020750047591826,,0.04660485616399061,,
651,2020-08-04,staple,-0.016181818181818193,,0.046538404372882265,,
652,2020-08-05,staple,-0.01118092773978926,,0.046516253775846145,,
653,2020-08-06,staple,0.004859358938416933,,0.04649410317881003,,
654,2020-08-07,staple,-0.00790477076164786,,0.04647195258177391,,
655,2020-08-10,staple,-0.03908886389201351,,0.04627259720844886,,
656,2020-08-11,staple,-0.008877182713881677,,0.046206145417340506,,
657,2020-08-12,staple,-0.0033464566929132795,,0.04613969362623215,,
658,2020-08-13,staple,-0.016393442622950925,,0.04611754302919604,,
659,2020-08-14,staple,-0.0009036144578312169,,0.04609539243215992,,
660,2020-08-17,staple,0.0019093558436337828,,0.04556377810329311,,
661,2020-08-18,staple,-0.006218655967903756,,0.045497326312184755,,
662,2020-08-19,staple,-0.003835284618490063,,0.04545302511811252,,
663,2020-08-20,staple,-0.00476190476190475,,0.04540872392404029,,
664,2020-08-21,staple,-0.004173877634124104,,0.045275820341823585,,
665,2020-08-24,staple,-0.0012267429973419582,,0.04476635660999289,,
666,2020-08-25,staple,0.001740020470829086,,0.0446556036248123,,
667,2020-08-26,staple,0.007458874016552465,,0.04443409765445113,,
668,2020-08-27,staple,0.015618661257606555,,0.04434549526630666,,
669,2020-08-28,staple,0.011284202117036103,,0.044478398848523365,,
670,2020-09-01,staple,0.03742470623086804,97.0,0.030634275700950106,4515880.0,2.8
671,2020-09-02,staple,0.035598705501618075,,0.030634275700950106,,
672,2020-09-03,staple,-0.00321691176470583,,0.030589974506877872,,
673,2020-09-04,staple,-0.005624711848778234,,0.030567823909841755,,
674,2020-09-07,staple,-0.023831602373887307,,0.030390619133552815,,
675,2020-09-08,staple,0.005129666571672901,,0.030257715551336113,,
676,2020-09-09,staple,-0.042151025422927965,,0.030235564954299996,,
677,2020-09-10,staple,-0.005722742969906249,,0.03021341435726388,,
678,2020-09-11,staple,-0.007641163044556872,,0.030169113163191645,,
679,2020-09-14,staple,-0.011400000000000006,,0.029903305998758237,,
680,2020-09-15,staple,-0.001213837750354082,,0.02981470361061377,,
681,2020-09-16,staple,-0.0007089325501315898,,0.029748251819505418,,
682,2020-09-17,staple,-0.0011148272017837176,,0.029703950625433184,,
683,2020-09-18,staple,-0.0018262987012987704,,0.029681800028397064,,
684,2020-09-21,staple,0.008639967473063719,,0.029371691669891425,,
685,2020-09-22,staple,-0.003023279250226717,,0.029305239878783074,,
686,2020-09-23,staple,0.007985444253512504,,0.029260938684710837,,
687,2020-09-24,staple,0.0040112314480546096,,0.029216637490638603,,
688,2020-09-25,staple,0.005793048341989595,,0.029150185699530252,,
689,2020-09-28,staple,0.03992055610724921,,0.02861857137066344,,
690,2020-09-29,staple,0.01690221543162716,,0.028485667788446734,,
691,2020-09-30,staple,0.004037937834538518,,0.028463517191410617,,
692,2020-10-01,staple,0.019827908716797647,97.9,0.02319167509681472,,3.0
693,2020-10-02,staple,0.01375641966250917,,0.02319167509681472,,
694,2020-10-05,staple,-0.017731138049574886,,0.023169524499778604,,
695,2020-10-06,staple,-0.03011604347025231,,0.02312522330570637,,
696,2020-10-07,staple,0.013294084132560929,,0.02312522330570637,,
697,2020-10-08,staple,-0.022865710804985454,,0.023103072708670253,,
698,2020-10-09,staple,-0.020715450273328825,,0.023103072708670253,,
699,2020-10-12,staple,-0.017236313779257714,,0.023036620917561902,,
700,2020-10-13,staple,0.01454907822620835,,0.023014470320525785,,
701,2020-10-14,staple,-0.02465376682054813,,0.023014470320525785,,
702,2020-10-15,staple,0.003121852970795592,,0.022992319723489668,,
703,2020-10-16,staple,0.004618010239935686,,0.02297016912645355,,
704,2020-10-19,staple,0.003097831517937467,,0.022837265544236846,,
705,2020-10-20,staple,0.001494321578003643,,0.022837265544236846,,
706,2020-10-21,staple,0.004078384561822307,,0.022770813753128494,,
707,2020-10-22,staple,0.0005944125222904921,,0.02272651255905626,,
708,2020-10-23,staple,0.0004950495049504669,,0.022704361962020143,,
709,2020-10-26,staple,0.01672439386442353,,0.022438554797586736,,
710,2020-10-27,staple,0.0063266497956006,,0.02241640420055062,,
711,2020-10-28,staple,0.008318019150788272,,0.02241640420055062,,
712,2020-10-29,staple,0.013237410071942403,,0.022349952409442268,,
713,2020-10-30,staple,0.011833759348669886,,0.022305651215370034,,
714,2020-11-02,staple,0.06530688622754495,,0.026602867040376774,,
715,2020-11-03,staple,0.02748989987704194,,0.02662501763741289,,
716,2020-11-04,staple,0.018634071288144344,,0.026669318831485125,,
717,2020-11-05,staple,0.0038600318872198855,,0.028175559429941096,,
718,2020-11-06,staple,-0.01571512162501041,,0.02828631241512168,,
719,2020-11-09,staple,-0.06420382165605097,,0.0284413665943745,,
720,2020-11-10,staple,-0.030855794536709242,,0.028463517191410617,,
721,2020-11-11,staple,-0.02303586478134664,,0.028485667788446734,,
722,2020-11-12,staple,-0.016869548547876978,,0.028485667788446734,,
723,2020-11-13,staple,0.007897045919859631,,0.028507818385482855,,
724,2020-11-16,staple,0.00967305088024763,,0.0284413665943745,,
725,2020-11-17,staple,0.0038321517532094816,,0.028419215997338383,,
726,2020-11-18,staple,0.0013361328497804978,,0.028397065400302266,,
727,2020-11-19,staple,0.003145253526496362,,0.028397065400302266,,
728,2020-11-20,staple,0.004750593824228029,,0.02837491480326615,,
729,2020-11-23,staple,0.018723404255319185,,0.028264161818085564,,
730,2020-11-24,staple,0.0024134410099321533,,0.02821986062401333,,
731,2020-11-25,staple,0.008056301509399061,,0.028175559429941096,,
732,2020-11-26,staple,0.014789638067242324,,0.028086957041796624,,
733,2020-11-27,staple,0.013849914003801948,,0.028064806444760507,,
734,2020-11-30,staple,0.0502678571428571,,0.027666095698110398,,
735,2020-12-01,staple,0.026778882938026063,98.1,0.030146962566155528,4385860.0,3.2
736,2020-12-02,staple,0.02376221228680249,,0.03012481196911941,,
737,2020-12-03,staple,0.006793368378487579,,0.030058360178011057,,
738,2020-12-04,staple,0.003454092698208746,,0.030058360178011057,,
739,2020-12-07,staple,-0.015369836695485124,,0.030080510775047174,,
740,2020-12-08,staple,-0.011219512195121914,,0.030058360178011057,,
741,2020-12-09,staple,-0.006824535438250273,,0.03003620958097494,,
742,2020-12-10,staple,0.0007450947926151933,,0.03003620958097494,,
743,2020-12-11,staple,0.0016545334215751393,,0.03003620958097494,,
744,2020-12-14,staple,-0.008011232243145018,,0.030014058983938822,,
745,2020-12-15,staple,0.008492215469153243,,0.029991908386902705,,
746,2020-12-16,staple,0.005613803351770881,,0.02996975778986659,,
747,2020-12-17,staple,0.007060175683441421,,0.02996975778986659,,
748,2020-12-18,staple,0.010026901442895605,,0.02994760719283047,,
749,2020-12-21,staple,0.058918482647296065,,0.030102661372083294,,
750,2020-12-22,staple,0.07187500000000006,,0.030058360178011057,,
751,2020-12-23,staple,0.06954419398421391,,0.030080510775047174,,
752,2020-12-24,staple,0.06921082374842095,,0.03003620958097494,,
753,2020-12-29,staple,-0.3656883472204949,,0.029659649431360947,,
754,2020-12-30,staple,-0.0942064503480051,,0.02957104704321648,,
755,2020-12-31,staple,-0.11103896103896109,,0.02932739047581919,,
756,2021-01-04,staple,0.009861212563915294,,0.04237409213009223,,
757,2021-01-05,staple,0.2472573839662446,,0.042639899294525635,,
758,2021-01-06,staple,-0.02571041948579158,,0.042750652279706224,,
759,2021-01-07,staple,-0.029861111111111022,,0.04277280287674234,,
760,2021-01-08,staple,0.016054811330401812,,0.04281710407081457,,
761,2021-01-11,staple,0.07598631239935585,,0.04292785705599516,,
762,2021-01-12,staple,-0.03919184360677203,,0.04292785705599516,,
763,2021-01-13,staple,-0.005743769470405018,,0.04295000765303127,,
764,2021-01-14,staple,-0.006070694213257518,,0.04295000765303127,,
765,2021-01-15,staple,-0.011722982957344221,,0.04292785705599516,,
766,2021-01-18,staple,0.007974481658692299,,0.04290570645895904,,
767,2021-01-19,staple,-0.000494462025316568,,0.04290570645895904,,
768,2021-01-20,staple,-0.0020777678836449366,,0.042883555861922926,,
769,2021-01-21,staple,-0.0026769779892920485,,0.04281710407081457,,
770,2021-01-22,staple,0.007456009543692216,,0.04277280287674234,,
771,2021-01-25,staple,-0.00631537398855339,,0.04257344750341728,,
772,2021-01-26,staple,0.0035749751737835095,,0.042418393324164465,,
773,2021-01-27,staple,0.007322382742924944,,0.04237409213009223,,
774,2021-01-28,staple,0.01424361493123775,,0.04257344750341728,,
775,2021-01-29,staple,0.01704600484261506,,0.04237409213009223,,
776,2021-02-01,staple,0.057899247690696105,103.2,0.041842477801225415,,3.1
777,2021-02-02,staple,0.014402736519938737,,0.041842477801225415,,
778,2021-02-03,staple,0.0034608217233117453,,0.041842477801225415,,
779,2021-02-04,staple,0.0034488857446055943,,0.041864628398261536,,
780,2021-02-05,staple,-0.006785934608266467,,0.041864628398261536,,
781,2021-02-08,staple,-0.023336291038154478,,0.04190892959233377,,
782,2021-02-09,staple,-0.017988552739165893,,0.04188677899529765,,
783,2021-02-10,staple,-0.012304561013969824,,0.04188677899529765,,
784,2021-02-11,staple,-0.004870738104158957,,0.04188677899529765,,
785,2021-02-12,staple,0.006118222891566319,,0.04188677899529765,,
786,2021-02-15,staple,0.026850032743942414,,0.04175387541308095,,
787,2021-02-16,staple,0.0103862973760933,,0.04168742362197259,,
788,2021-02-17,staple,0.00468890892696119,,0.04168742362197259,,
789,2021-02-18,staple,-0.000897504936277226,,0.04168742362197259,,
790,2021-02-19,staple,-0.008893280632411021,,0.04166527302493648,,
791,2021-02-22,staple,-0.03888334995014948,,0.041355164666430834,,
792,2021-02-23,staple,-0.009807619766126048,,0.0413108634723586,,
793,2021-02-24,staple,-0.010190476190476125,,0.041288712875322486,,
794,2021-02-25,staple,0.0074088328682766855,,0.04124441168125025,,
795,2021-02-26,staple,0.009455587392550095,,0.04111150809903355,,
796,2021-03-01,staple,0.06831299082221591,105.1,,,
797,2021-03-02,staple,0.03055530953857057,,,,
798,2021-03-03,staple,0.02964936404262636,,,,
799,2021-03-04,staple,0.00267089558467568,,,,
800,2021-03-05,staple,0.003912428202780312,,,,
801,2021-03-08,staple,-0.023797678275290137,,,,
802,2021-03-09,staple,-0.011891616410430694,,,,
803,2021-03-10,staple,-0.012894352273704118,,,,
804,2021-03-11,staple,0.00017417051293212594,,,,
805,2021-03-12,staple,-0.021419242490204563,,,,
806,2021-03-15,staple,0.04537770264258381,,,,
807,2021-03-16,staple,-0.004340794961273223,,,,
808,2021-03-17,staple,-0.0003419387929561143,,,,
809,2021-03-18,staple,-0.007354198734393701,,,,
810,2021-03-19,staple,0.014989662301860742,,,,
811,2021-03-22,staple,-0.06043116618570693,,,,
812,2021-03-23,staple,-0.0002710027100271105,,,,
813,2021-03-24,staple,0.00487937110327995,,,,
814,2021-03-25,staple,-0.001258879597158534,,,,
815,2021-03-26,staple,0.01512559647069422,,,,
816,2021-03-29,staple,0.04478935698447891,,,,
817,2021-03-30,staple,0.015789473684210523,,,,
818,2021-03-31,staple,0.012953367875647645,,,,
819,2020-03-04,work_related,0.0059382422802850875,,,,
820,2020-03-05,work_related,-0.0019071837253654869,,,,
821,2020-03-06,work_related,-0.0032757051865332067,,,,
822,2020-03-09,work_related,-0.02857403688150456,,,,
823,2020-03-10,work_related,-0.016445822761018702,,,,
824,2020-03-11,work_related,-0.010223581119816484,,,,
825,2020-03-12,work_related,-0.008205425234096037,,,,
826,2020-03-13,work_related,-0.013821296476542747,,,,
827,2020-03-16,work_related,-0.034247927358863,,,,
828,2020-03-17,work_related,-0.017066939192641673,,,,
829,2020-03-18,work_related,-0.012060719484300382,,,,
830,2020-03-19,work_related,-0.01389181225005255,,,,
831,2020-03-20,work_related,-0.011739594450373623,,,,
832,2020-03-23,work_related,-0.06339092872570185,,0.10762293092691678,,
833,2020-03-24,work_related,-0.045889542257581045,,0.1167715153740691,,
834,2020-03-25,work_related,-0.05595166163141988,,0.12274350799929352,,
835,2020-03-26,work_related,-0.0948540706605224,,0.12617422716697566,,
836,2020-03-27,work_related,-0.09574317635412243,,0.14377254586045612,,
837,2020-03-30,work_related,-0.2860494213324992,,0.17363250898657825,,
838,2020-03-31,work_related,-0.1060240963855421,,0.17471255020603374,,
839,2020-04-01,work_related,-0.0953197745650576,63.2,0.23754553644376733,,1.8
840,2020-04-02,work_related,-0.015167930660888469,,0.2383714503174686,,
841,2020-04-03,work_related,-0.02227722772277234,,0.2395150233733626,,
842,2020-04-06,work_related,-0.019690576652601852,,0.23532192216841782,,
843,2020-04-07,work_related,0.011190817790530862,,0.23557604951417205,,
844,2020-04-08,work_related,0.0008513053348467972,,0.2357666450234877,,
845,2020-04-09,work_related,-0.0019846895378508728,,0.23602077236924196,,
846,2020-04-14,work_related,-0.013636363636363748,,0.23710081358869745,,
847,2020-04-15,work_related,-0.019009216589861655,,0.23716434542513598,,
848,2020-04-16,work_related,0.007046388725777888,,0.2372914090980131,,
849,2020-04-17,work_related,0.01457725947521866,,0.23748200460732877,,
850,2020-04-20,work_related,0.013505747126436955,,0.24021387357418675,,
851,2020-04-21,work_related,-0.006521122767224382,,0.2401503417377482,,
852,2020-04-22,work_related,0.03396118721461181,,0.2402774054106253,,
853,2020-04-23,work_related,0.0013800717637318318,,0.2402774054106253,,
854,2020-04-24,work_related,0.0234288864388093,,0.240468000919941,,
855,2020-04-27,work_related,0.07568004309183934,,0.24161157397583502,,
856,2020-04-28,work_related,0.01301952929394099,,0.24167510581227358,,
857,2020-04-29,work_related,0.004695996045476958,,0.24167510581227358,,
858,2020-04-30,work_related,0.007134071340713387,,0.24186570132158927,,
859,2020-05-01,work_related,-0.0031753786028333036,67.5,0.24860007598407638,,1.2
860,2020-05-04,work_related,0.012251899044351873,,0.2482824168018836,,
861,2020-05-05,work_related,0.006535947712418204,,0.24815535312900647,,
862,2020-05-06,work_related,0.019240019240019342,,0.24840948047476072,,
863,2020-05-07,work_related,0.02241623407267569,,0.24853654414763782,,
864,2020-05-11,work_related,0.03207939072236327,,0.24809182129256793,,
865,2020-05-12,work_related,0.0033542039355992526,,0.2479647576196908,,
866,2020-05-13,work_related,0.00222866057499446,,0.2479647576196908,,
867,2020-05-14,work_related,0.009561930175672665,,0.24802828945612937,,
868,2020-05-15,work_related,0.013656387665198338,,0.24802828945612937,,
869,2020-05-18,work_related,0.05584528465884398,,0.24580467518077984,,
870,2020-05-19,work_related,0.02551965424984554,,0.24574114334434127,,
871,2020-05-20,work_related,0.017057997190447552,,0.24605880252653406,,
872,2020-05-21,work_related,0.014601420678768785,,0.24612233436297262,,
873,2020-05-22,work_related,0.018669778296382746,,0.24612233436297262,,
874,2020-05-26,work_related,0.04276441389843442,,0.24402578376050021,,
875,2020-05-27,work_related,0.008055657268399942,,0.24396225192406168,,
876,2020-05-28,work_related,0.01343988376316736,,0.24389872008762312,,
877,2020-05-29,work_related,0.020967741935483904,,0.243771656414746,,
878,2020-06-01,work_related,0.05494119712129195,77.0,0.21842245367576146,1563628.7025504159,0.7
879,2020-06-02,work_related,0.057071547420965055,,0.2183589218393229,,
880,2020-06-03,work_related,0.019833149693058476,,0.21829539000288434,,
881,2020-06-04,work_related,0.0058651026392961166,,0.2183589218393229,,
882,2020-06-05,work_related,-0.011661807580175005,,0.21842245367576146,,
883,2020-06-08,work_related,-0.04704238472286903,,0.21600824389109627,,
884,2020-06-09,work_related,-0.012707722385141758,,0.21600824389109627,,
885,2020-06-10,work_related,-0.006270627062706312,,0.21607177572753483,,
886,2020-06-11,work_related,-0.0023248090335436828,,0.21607177572753483,,
887,2020-06-12,work_related,0.0018308921438082463,,0.21619883940041193,,
888,2020-06-15,work_related,0.03439109486625686,,0.21435641614369377,,
889,2020-06-16,work_related,0.017185994217796343,,0.21410228879793952,,
890,2020-06-17,work_related,0.007105637138796824,,0.21410228879793952,,
891,2020-06-18,work_related,0.009407337723424182,,0.21410228879793952,,
892,2020-06-19,work_related,0.0091643367505437,,0.214038756961501,,
893,2020-06-22,work_related,0.03432353393874102,,0.20673259577106684,,
894,2020-06-23,work_related,0.0049107142857142605,,0.20660553209818971,,
895,2020-06-24,work_related,0.016881386050644168,,0.20654200026175118,,
896,2020-06-25,work_related,-0.006989951944080443,,0.20609727740668127,,
897,2020-06-26,work_related,0.04590115852764329,,0.20520783169654144,,
898,2020-06-29,work_related,0.0594503645541224,,0.19364503746472395,,
899,2020-06-30,work_related,0.0060878771836949935,,0.19320031460965403,,
900,2020-07-01,work_related,0.001710076295711782,81.5,0.17769854651864597,,0.9
901,2020-07-02,work_related,0.022980958634274455,,0.17769854651864597,,
902,2020-07-03,work_related,-0.018741976893453246,,0.17744441917289172,,
903,2020-07-06,work_related,-0.01870748299319718,,0.17579259142548923,,
904,2020-07-07,work_related,0.011998400213304778,,0.175538464079735,,
905,2020-07-08,work_related,0.0056646028191280045,,0.17528433673398078,,
906,2020-07-09,work_related,0.0006549646319098396,,0.17515727306110365,,
907,2020-07-10,work_related,0.002749050922895585,,0.17496667755178796,,
908,2020-07-13,work_related,0.04112271540469982,,0.17293365878575412,,
909,2020-07-14,work_related,0.005893416927899672,,0.17261599960356133,,
910,2020-07-15,work_related,0.004487658937920711,,0.17121829920191306,,
911,2020-07-16,work_related,0.007694216927277297,,0.1698205988002648,,
912,2020-07-17,work_related,0.0100985221674876,,0.16918528043587922,,
913,2020-07-20,work_related,0.009875640087783496,,0.1669616661605297,,
914,2020-07-21,work_related,0.00989979476035262,,0.16670753881477549,,
915,2020-07-22,work_related,0.007411835026897673,,0.16658047514189836,,
916,2020-07-23,work_related,0.006526640560104393,,0.16638987963258267,,
917,2020-07-24,work_related,0.005423249233671398,,0.166199284123267,,
918,2020-07-27,work_related,-0.00574577861163221,,0.16384860617504038,,
919,2020-07-28,work_related,-0.005661044934544214,,0.1635309469928476,,
920,2020-07-29,work_related,-0.0007116593523900163,,0.16295916046490055,,
921,2020-07-30,work_related,0.00486646884272993,,0.16264150128270777,,
922,2020-07-31,work_related,0.011103236475312991,,0.16149792822681375,,
923,2020-08-03,work_related,0.05887850467289727,,0.1324003471379543,,
924,2020-08-04,work_related,0.01577669902912613,,0.13214621979220006,,
925,2020-08-05,work_related,0.003692842402519859,,0.13201915611932297,,
926,2020-08-06,work_related,0.0008657071745481906,,0.1319556242828844,,
927,2020-08-07,work_related,-0.0028111147151042375,,0.13182856061000728,,
928,2020-08-10,work_related,-0.012468827930174625,,0.1307485193905518,,
929,2020-08-11,work_related,0.003074220465524826,,0.1306214557176747,,
930,2020-08-12,work_related,0.007661996497373061,,0.1306214557176747,,
931,2020-08-13,work_related,0.005105366065609373,,0.13049439204479757,,
932,2020-08-14,work_related,-0.0016210958608019635,,0.130430860208359,,
933,2020-08-17,work_related,-0.022407447499458683,,0.12903315980671073,,
934,2020-08-18,work_related,-0.007529620197098957,,0.12890609613383364,,
935,2020-08-19,work_related,-0.0031239540332478094,,0.12884256429739507,,
936,2020-08-20,work_related,-0.0033575825405707574,,0.1287790324609565,,
937,2020-08-21,work_related,0.005727119595732792,,0.12858843695164085,,
938,2020-08-24,work_related,0.012505582849486429,,0.1272542683864311,,
939,2020-08-25,work_related,0.006396118217909112,,0.12706367287711545,,
940,2020-08-26,work_related,-0.0006574621959237592,,0.1268730773677998,,
941,2020-08-27,work_related,0.009100877192982438,,0.1266824818584841,,
942,2020-08-28,work_related,0.002933825926328328,,0.12636482267629132,,
943,2020-09-01,work_related,0.04106175514626226,85.0,0.10076149259155255,1549779.0,1.6
944,2020-09-02,work_related,0.013424914142990864,,0.10082502442799111,,
945,2020-09-03,work_related,-0.0029780242349557616,,0.10076149259155255,,
946,2020-09-04,work_related,-0.0031929137913276574,,0.10069796075511399,,
947,2020-09-07,work_related,-0.0015499070055797239,,0.0999355787178513,,
948,2020-09-08,work_related,-0.02525095725965019,,0.09974498320853563,,
949,2020-09-09,work_related,-0.009873659624163846,,0.09968145137209707,,
950,2020-09-10,work_related,0.002144542140252934,,0.09961791953565852,,
951,2020-09-11,work_related,0.0014979670447250223,,0.09955438769921995,,
952,2020-09-14,work_related,0.008226495726495836,,0.0986014101526416,,
953,2020-09-15,work_related,0.006887782134152712,,0.09853787831620303,,
954,2020-09-16,work_related,0.005262050094716902,,0.09841081464332592,,
955,2020-09-17,work_related,-0.003873534338358358,,0.09834728280688736,,
956,2020-09-18,work_related,-0.0021019442984761202,,0.09822021913401024,,
957,2020-09-21,work_related,-0.01600842548709843,,0.09745783709674755,,
958,2020-09-22,work_related,-0.010168040244032995,,0.09733077342387043,,
959,2020-09-23,work_related,-0.011461937716263,,0.09726724158743187,,
960,2020-09-24,work_related,-0.009954058192955553,,0.09701311424167765,,
961,2020-09-25,work_related,-0.008286377195889956,,0.09682251873236197,,
962,2020-09-28,work_related,-0.005236185383244194,,0.09491656363920524,,
963,2020-09-29,work_related,-0.0019039086123866244,,0.09466243629345102,,
964,2020-09-30,work_related,0.00011220825852772559,,0.09447184078413534,,
965,2020-10-01,work_related,0.007517109839560212,86.0,0.08093955962272255,,1.9
966,2020-10-02,work_related,0.005233853006681502,,0.08093955962272255,,
967,2020-10-05,work_related,-0.03899412872493626,,0.08106662329559966,,
968,2020-10-06,work_related,-0.006801152737752201,,0.08106662329559966,,
969,2020-10-07,work_related,-0.004526462395543183,,0.08106662329559966,,
970,2020-10-08,work_related,-0.005013407951498107,,0.08106662329559966,,
971,2020-10-09,work_related,-0.008671197562690521,,0.0810030914591611,,
972,2020-10-12,work_related,0.012884160756501223,,0.0810030914591611,,
973,2020-10-13,work_related,-0.0017504959738591608,,0.0810030914591611,,
974,2020-10-14,work_related,-0.001402852466682307,,0.08093955962272255,,
975,2020-10-15,work_related,-0.00269257785062051,,0.08087602778628399,,
976,2020-10-16,work_related,0.0024650780608053524,,0.08081249594984542,,
977,2020-10-19,work_related,-0.012060889929742401,,0.08068543227696831,,
978,2020-10-20,work_related,-0.0029631385563588953,,0.0805583686040912,,
979,2020-10-21,work_related,-0.00903471231573948,,0.08043130493121409,,
980,2020-10-22,work_related,-0.0046785028790787015,,0.08036777309477552,,
981,2020-10-23,work_related,-0.007231529468482515,,0.08024070942189841,,
982,2020-10-26,work_related,-0.008741046497511215,,0.08005011391258274,,
983,2020-10-27,work_related,0.0008573178199631742,,0.07998658207614417,,
984,2020-10-28,work_related,0.0055066079295154535,,0.07992305023970561,,
985,2020-10-29,work_related,0.004016064257028091,,0.07966892289395139,,
986,2020-10-30,work_related,0.0015757575757575205,,0.07947832738463571,,
987,2020-11-02,work_related,0.019726491589011373,,0.1080676537819867,,
988,2020-11-03,work_related,0.010443864229764958,,0.1085123766370566,,
989,2020-11-04,work_related,0.014211886304909487,,0.10883003581924938,,
990,2020-11-05,work_related,0.014012738853503277,,0.11010067254802054,,
991,2020-11-06,work_related,-0.012105984467793538,,0.11029126805733622,,
992,2020-11-09,work_related,-0.11768786127167638,,0.11403964640721112,,
993,2020-11-10,work_related,-0.038390985324947495,,0.11429377375296534,,
994,2020-11-11,work_related,-0.04196757051369394,,0.11435730558940391,,
995,2020-11-12,work_related,-0.051059593229981555,,0.11435730558940391,,
996,2020-11-13,work_related,-0.01783573141486807,,0.11442083742584247,,
997,2020-11-16,work_related,-0.008240500534106611,,0.11461143293515813,,
998,2020-11-17,work_related,0.001384828435143921,,0.11454790109871958,,
999,2020-11-18,work_related,0.00169022741241548,,0.11454790109871958,,
1000,2020-11-19,work_related,0.0026077619266758967,,0.11454790109871958,,
1001,2020-11-20,work_related,0.003212974296205535,,0.11448436926228102,,
1002,2020-11-23,work_related,0.01952112246454173,,0.11384905089789545,,
1003,2020-11-24,work_related,0.040538519072550606,,0.11365845538857977,,
1004,2020-11-25,work_related,-0.0007188039102932312,,0.11353139171570266,,
1005,2020-11-26,work_related,0.0017263703064305902,,0.11321373253350987,,
1006,2020-11-27,work_related,0.0061754990664944255,,0.11276900967843996,,
1007,2020-11-30,work_related,0.031544390522409274,,0.10971948152938919,,
1008,2020-12-01,work_related,-0.02269268022692681,88.8,0.10457340277786602,1525691.0,1.9
1009,2020-12-02,work_related,0.022936429279343123,,0.10463693461430458,,
1010,2020-12-03,work_related,0.02546712802768171,,0.10431927543211178,,
1011,2020-12-04,work_related,0.02038061816709395,,0.10425574359567323,,
1012,2020-12-07,work_related,0.07341269841269857,,0.10406514808635756,,
1013,2020-12-08,work_related,0.015033887861983964,,0.10393808441348044,,
1014,2020-12-09,work_related,0.009469467038970513,,0.10374748890416477,,
1015,2020-12-10,work_related,0.004209260372820136,,0.10362042523128764,,
1016,2020-12-11,work_related,0.002634730538922142,,0.1035568933948491,,
1017,2020-12-14,work_related,-0.009197324414715671,,0.10349336155841053,,
1018,2020-12-15,work_related,-0.004460518384569072,,0.10330276604909486,,
1019,2020-12-16,work_related,-0.0008476628723661077,,0.10330276604909486,,
1020,2020-12-17,work_related,-0.004726699793964374,,0.10330276604909486,,
1021,2020-12-18,work_related,0.0007306380905991508,,0.10323923421265631,,
1022,2020-12-21,work_related,-0.001703577512776838,,0.10381102074060332,,
1023,2020-12-22,work_related,-0.005363237445148853,,0.10374748890416477,,
1024,2020-12-23,work_related,-0.007230392156862614,,0.10362042523128764,,
1025,2020-12-24,work_related,0.002962597210220897,,0.10374748890416477,,
1026,2020-12-29,work_related,-0.24849230769230765,,0.10266744768470928,,
1027,2020-12-30,work_related,-0.05568293481821169,,0.10228625666607793,,
1028,2020-12-31,work_related,-0.05705861949358306,,0.10126974728306101,,
1029,2021-01-04,work_related,-0.01784072098583776,,0.1253483132932744,,
1030,2021-01-05,work_related,0.01142322097378276,,0.12541184512971296,,
1031,2021-01-06,work_related,0.006480281429364959,,0.12547537696615152,,
1032,2021-01-07,work_related,-0.00607064017660041,,0.12553890880259005,,
1033,2021-01-08,work_related,0.012400518230612653,,0.12560244063902862,,
1034,2021-01-11,work_related,0.03053016453382074,,0.12604716349409853,,
1035,2021-01-12,work_related,-0.014369345396487408,,0.12604716349409853,,
1036,2021-01-13,work_related,-0.004139668826493952,,0.12604716349409853,,
1037,2021-01-14,work_related,-0.003433941803723075,,0.1261106953305371,,
1038,2021-01-15,work_related,-0.007979688066739168,,0.1261106953305371,,
1039,2021-01-18,work_related,0.00877513711151731,,0.12642835451272988,,
1040,2021-01-19,work_related,0.004530627038782167,,0.12636482267629132,,
1041,2021-01-20,work_related,0.0009020386072523391,,0.12636482267629132,,
1042,2021-01-21,work_related,0.00036049026676285376,,0.12630129083985275,,
1043,2021-01-22,work_related,0.008288288288288304,,0.1262377590034142,,
1044,2021-01-25,work_related,0.02037169406719086,,0.12642835451272988,,
1045,2021-01-26,work_related,0.007355516637478138,,0.12630129083985275,,
1046,2021-01-27,work_related,0.01060500695410291,,0.1262377590034142,,
1047,2021-01-28,work_related,0.015138482711164553,,0.12617422716697566,,
1048,2021-01-29,work_related,0.010676156583629937,,0.12572950431190574,,
1049,2021-02-01,work_related,0.037558685446009425,85.2,0.1250306541110816,,1.4
1050,2021-02-02,work_related,0.007756948933419471,,0.1250306541110816,,
1051,2021-02-03,work_related,-0.0008017960230916798,,0.1250306541110816,,
1052,2021-02-04,work_related,-0.0008024394158241737,,0.1250306541110816,,
1053,2021-02-05,work_related,0.0004818503051718782,,0.1250306541110816,,
1054,2021-02-08,work_related,-0.006582115909455717,,0.12541184512971296,,
1055,2021-02-09,work_related,-0.008080155138978667,,0.1253483132932744,,
1056,2021-02-10,work_related,-0.00016291951775831078,,0.1253483132932744,,
1057,2021-02-11,work_related,0.0035848134267558412,,0.1253483132932744,,
1058,2021-02-12,work_related,0.006332196785192295,,0.1253483132932744,,
1059,2021-02-15,work_related,0.019038399483704418,,0.12515771778395873,,
1060,2021-02-16,work_related,0.00949968334388856,,0.1250306541110816,,
1061,2021-02-17,work_related,0.008155583437892145,,0.1250306541110816,,
1062,2021-02-18,work_related,0.0014001244555072092,,0.1250306541110816,,
1063,2021-02-19,work_related,0.0,,0.1250306541110816,,
1064,2021-02-22,work_related,-0.000776759359950464,,0.1245859312560117,,
1065,2021-02-23,work_related,-0.0035758706467660106,,0.12452239941957315,,
1066,2021-02-24,work_related,0.00124824465595254,,0.12452239941957315,,
1067,2021-02-25,work_related,0.0037400654511453154,,0.12445886758313458,,
1068,2021-02-26,work_related,0.00807328054649915,,0.12433180391025747,,
1069,2021-03-01,work_related,0.07931618666255955,86.7,,,
1070,2021-03-02,work_related,0.020833333333333447,,,,
1071,2021-03-03,work_related,0.012859938495946148,,,,
1072,2021-03-04,work_related,0.008832459287882979,,,,
1073,2021-03-05,work_related,0.003693570451436529,,,,
1074,2021-03-08,work_related,-0.022625051110808377,,,,
1075,2021-03-09,work_related,0.0005578022590992366,,,,
1076,2021-03-10,work_related,0.005435540069686419,,,,
1077,2021-03-11,work_related,0.004435819240365861,,,,
1078,2021-03-12,work_related,0.006210322936792753,,,,
1079,2021-03-15,work_related,0.02455081607461262,,,,
1080,2021-03-16,work_related,0.005087014725568881,,,,
1081,2021-03-17,work_related,0.0025306339904101987,,,,
1082,2021-03-18,work_related,0.008237013418360629,,,,
1083,2021-03-19,work_related,0.0052707866649098125,,,,
1084,2021-03-22,work_related,-0.00406344212871939,,,,
1085,2021-03-23,work_related,0.0013161358252170875,,,,
1086,2021-03-24,work_related,0.001971608832807646,,,,
1087,2021-03-25,work_related,0.0024924570379115532,,,,
1088,2021-03-26,work_related,0.007327924627061009,,,,
1089,2021-03-29,work_related,0.025461158742530444,,,,
1090,2021-03-30,work_related,0.012287813529262717,,,,
1091,2021-03-31,work_related,0.02114879239144034,,,,
